{"cameraMode":{"drawMode":0,"name":"Shaded","section":"Shading Mode"},"sceneLighting":false,"audioPlay":false,"sceneViewState":{"m_AlwaysRefresh":false,"showFog":true,"showSkybox":false,"showFlares":true,"showImageEffects":true,"showParticleSystems":true,"showVisualEffectGraphs":true,"m_FxEnabled":true},"in2DMode":false,"pivot":{"x":-0.6419024467468262,"y":0.7659144401550293,"z":0.2733619213104248},"rotation":{"x":-0.00622637988999486,"y":-0.9015254378318787,"z":0.4324988126754761,"w":-0.012978133745491505},"size":1.7320507764816285,"orthographic":false}